Thomas William Robertson,,,,,,,,,,,,,,,,,,,,,,,,
Thomas Chatterton,,,,,,,,,,,,,,,,,,,,,,,,
Frederick William Rolfe,,,,,,,,,,,,,,,,,,,,,,,,
Samuel Butler,,,,,,,,,,,,,,,,,,,,,,,,
Anna Sewell,,,,,,,,,,,,,,,,,,,,,,,,
Walter Macken,,,,,,,,,,,,,,,,,,,,,,,,
Alexander Harris,,,,,,,,,,,,,,,,,,,,,,,,
C. P. Snow,,,,,,,,,,,,,,,,,,,,,,,,
Ellis Peters,,,,,,,,,,,,,,,,,,,,,,,,
Henry James Pye,,,,,,,,,,,,,,,,,,,,,,,,
Ouida (Maria Louise Ramé),,,,,,,,,,,,,,,,,,,,,,,,
Jennie Jerome Churchill,,,,,,,,,,,,,,,,,,,,,,,,
Samuel Lover,,,,,,,,,,,,,,,,,,,,,,,,
Christopher Smart,,,,,,,,,,,,,,,,,,,,,,,,
Sapper (Herman Cyril McNeile),,,,,,,,,,,,,,,,,,,,,,,,
William Edmondstoune Aytoun,,,,,,,,,,,,,,,,,,,,,,,,
Saint John Ervine,,,,,,,,,,,,,,,,,,,,,,,,
Isaac Bickerstaffe,,,,,,,,,,,,,,,,,,,,,,,,
V. S. Pritchett,,,,,,,,,,,,,,,,,,,,,,,,
Richard Jefferies,,,,,,,,,,,,,,,,,,,,,,,,
Joseph Blanco White,,,,,,,,,,,,,,,,,,,,,,,,
Sir P. G. Wodehouse,,,,,,,,,,,,,,,,,,,,,,,,
Donald Alfred Davie,,,,,,,,,,,,,,,,,,,,,,,,
George du Maurier,,,,,,,,,,,,,,,,,,,,,,,,
Ronald Duncan,,,,,,,,,,,,,,,,,,,,,,,,
Sir William Golding,,,,,,,,,,,,,,,,,,,,,,,,
Henry Luttrell,,,,,,,,,,,,,,,,,,,,,,,,
Mina Loy,,,,,,,,,,,,,,,,,,,,,,,,
Winthrop Mackworth Praed,,,,,,,,,,,,,,,,,,,,,,,,
Neil Miller Gunn,,,,,,,,,,,,,,,,,,,,,,,,
George Douglas,,,,,,,,,,,,,,,,,,,,,,,,
James Herriot,,,,,,,,,,,,,,,,,,,,,,,,
R. M. Ballantyne,,,,,,,,,,,,,,,,,,,,,,,,
Dame Ivy Compton-Burnett,,,,,,,,,,,,,,,,,,,,,,,,
Richard Doddridge Blackmore,,,,,,,,,,,,,,,,,,,,,,,,
William Beckford,,,,,,,,,,,,,,,,,,,,,,,,
Margaret Oliphant,,,,,,,,,,,,,,,,,,,,,,,,
Charles Wesley,,,,,,,,,,,,,,,,,,,,,,,,
Rumer Godden,,,,,,,,,,,,,,,,,,,,,,,,
Samuel Bamford,,,,,,,,,,,,,,,,,,,,,,,,
Daniel Owen,,,,,,,,,,,,,,,,,,,,,,,,
Sir Owen Morgan Edwards,,,,,,,,,,,,,,,,,,,,,,,,
Israel Zangwill,,,,,,,,,,,,,,,,,,,,,,,,
Austin Dobson,,,,,,,,,,,,,,,,,,,,,,,,
John Wyndham,,,,,,,,,,,,,,,,,,,,,,,,
Ronald Firbank,,,,,,,,,,,,,,,,,,,,,,,,
Joyce Cary,,,,,,,,,,,,,,,,,,,,,,,,
Anthony Burgess,,,,,,,,,,,,,,,,,,,,,,,,
Charles Wolfe,,,,,,,,,,,,,,,,,,,,,,,,
Michael Arlen,,,,,,,,,,,,,,,,,,,,,,,,
Mrs. Henry Wood,,,,,,,,,,,,,,,,,,,,,,,,
Frederic William Farrar,,,,,,,,,,,,,,,,,,,,,,,,
Sir Angus Frank Johnstone Wilson,,,,,,,,,,,,,,,,,,,,,,,,
Alfred Austin,,,,,,,,,,,,,,,,,,,,,,,,
T. H. White,,,,,,,,,,,,,,,,,,,,,,,,
Sydney Thompson Dobell,,,,,,,,,,,,,,,,,,,,,,,,
Lady Sydney Morgan,,,,,,,,,,,,,,,,,,,,,,,,
Donagh MacDonagh,,,,,,,,,,,,,,,,,,,,,,,,
Richard Owen Cambridge,,,,,,,,,,,,,,,,,,,,,,,,
Pierce Egan the Elder,,,,,,,,,,,,,,,,,,,,,,,,
Sir W. S. Gilbert,,,,,,,,,,,,,,,,,,,,,,,,
Malcolm Lowry,,,,,,,,,,,,,,,,,,,,,,,,
Margery Allingham,,,,,,,,,,,,,,,,,,,,,,,,
James Clarence Mangan,,,,,,,,,,,,,,,,,,,,,,,,
Peter Pindar,,,,,,,,,,,,,,,,,,,,,,,,
Philip James Bailey,,,,,,,,,,,,,,,,,,,,,,,,
James Thomson (Bysshe Vanolis),,,,,,,,,,,,,,,,,,,,,,,,
Frederick Marryat,,,,,,,,,,,,,,,,,,,,,,,,
James Stephens,AE (George William Russell),Augusta (Lady Gregory),James Joyce,George Moore,John Millington Synge,William Butler Yeats,,,,,,,,,,,,,,,,,,
Oliver St. John Gogarty,AE (George William Russell),James Joyce,William Butler Yeats,,,,,,,,,,,,,,,,,,,,,
William Butler Yeats,AE (George William Russell),Laurence Binyon,John Davidson,Ernest Dowson,Ford Madox Ford,Oliver St. John Gogarty,Augusta (Lady Gregory),William Ernest Henley,Lionel Johnson,James Joyce,Wyndham Lewis,Edward Martyn,John Masefield,George Moore,Frank O'Connor,John Cowper Powys,George Bernard Shaw,Dame Edith Sitwell,James Stephens,Arthur Symons,John Millington Synge,Evelyn Underhill,Vernon Phillips Watkins,Oscar Wilde
James Joyce,AE (George William Russell),William Archer,Samuel Beckett,Bryher (Annie Winifred Ellerman),Ford Madox Ford,Oliver St. John Gogarty,Wyndham Lewis,George Moore,Flann O'Brien,James Stephens,Arthur Symons,John Millington Synge,William Butler Yeats,,,,,,,,,,,
Frank O'Connor,AE (George William Russell),William Butler Yeats,,,,,,,,,,,,,,,,,,,,,,
L. P. Hartley,Aldous Huxley,Virginia Woolf,,,,,,,,,,,,,,,,,,,,,,
Arthur Henry Hallam,Alfred Tennyson  (1st Baron Tennyson),Edward FitzGerald,Baron Thomas Babington Macaulay,Harriet Martineau,,,,,,,,,,,,,,,,,,,,
Coventry Kersey Dighton Patmore,Alfred Tennyson  (1st Baron Tennyson),Elizabeth Barrett Browning,Robert Browning,Thomas Carlyle,Sir Edmund Gosse,William Hazlitt,Gerard Manley Hopkins,Charles Lamb,Alice Meynell,Francis Thompson,,,,,,,,,,,,,,
John Addington Symonds,Alfred Tennyson  (1st Baron Tennyson),Francis Turner Palgrave,,,,,,,,,,,,,,,,,,,,,,
Theodore Watts-Dunton,Alfred Tennyson  (1st Baron Tennyson),George Borrow,Dante Gabriel Rossetti,Algernon Charles Swinburne,,,,,,,,,,,,,,,,,,,,
Edward Lear,Alfred Tennyson  (1st Baron Tennyson),Lewis Carroll,,,,,,,,,,,,,,,,,,,,,,
George Macdonald,Alfred Tennyson  (1st Baron Tennyson),Lewis Carroll,Charles Dickens,Jean Ingelow,William Makepeace Thackeray,,,,,,,,,,,,,,,,,,,
Charlotte M. Yonge,Alfred Tennyson  (1st Baron Tennyson),Lewis Carroll,John Keble,,,,,,,,,,,,,,,,,,,,,
Francis Turner Palgrave,Alfred Tennyson  (1st Baron Tennyson),Matthew Arnold,Arthur Hugh Clough,John Addington Symonds,,,,,,,,,,,,,,,,,,,,
Robert Browning,Alfred Tennyson  (1st Baron Tennyson),Matthew Arnold,Elizabeth Barrett Browning,Robert Williams Buchanan,Thomas Carlyle,Walter de la Mare,Thomas Hood,Leigh Hunt,Jean Ingelow,Fanny Kemble,Harriet Martineau,Alice Meynell,Mary Russell Mitford,Coventry Kersey Dighton Patmore,Dante Gabriel Rossetti,Mark Rutherford,,,,,,,,
Lewis Carroll,Alfred Tennyson  (1st Baron Tennyson),Matthew Arnold,Henry Kingsley,Edward Lear,George Macdonald,Christina Rossetti,Dante Gabriel Rossetti,Algernon Charles Swinburne,Charlotte M. Yonge,,,,,,,,,,,,,,,
Alice Meynell,Alfred Tennyson  (1st Baron Tennyson),Robert Browning,Charles Dickens,George Eliot,William Ernest Henley,George Meredith,Charlotte Mew,Coventry Kersey Dighton Patmore,Dante Gabriel Rossetti,Francis Thompson,Oscar Wilde,Virginia Woolf,,,,,,,,,,,,
Jean Ingelow,Alfred Tennyson  (1st Baron Tennyson),Robert Browning,George Macdonald,Christina Rossetti,,,,,,,,,,,,,,,,,,,,
Thomas Carlyle,Alfred Tennyson  (1st Baron Tennyson),Robert Browning,Samuel Taylor Coleridge,Sara Coleridge,Thomas De Quincey,Charles Dickens,Edward FitzGerald,Leigh Hunt,Charles Lamb,George Henry Lewes,Harriet Martineau,Thomas Moore,Coventry Kersey Dighton Patmore,Mark Rutherford,Robert Southey,William Makepeace Thackeray,William Wordsworth,,,,,,,
Hartley Coleridge,Alfred Tennyson  (1st Baron Tennyson),Samuel Taylor Coleridge,Sara Coleridge,Charles Lamb,Sir Walter Scott (1st Baronet),Robert Southey,William Wordsworth,,,,,,,,,,,,,,,,,
William Morris,Alfred Tennyson  (1st Baron Tennyson),Sir Hall Caine,Edward Carpenter,Dante Gabriel Rossetti,Mark Rutherford,Algernon Charles Swinburne,,,,,,,,,,,,,,,,,,
Edward FitzGerald,Alfred Tennyson  (1st Baron Tennyson),Thomas Carlyle,Sir Edmund Gosse,Arthur Henry Hallam,Thomas Hardy,Fanny Kemble,William Makepeace Thackeray,,,,,,,,,,,,,,,,,
William Barnes,Alfred Tennyson  (1st Baron Tennyson),Thomas Hardy,Gerard Manley Hopkins,,,,,,,,,,,,,,,,,,,,,
Sir Walter Besant,Alfred Tennyson  (1st Baron Tennyson),Wilkie Collins,,,,,,,,,,,,,,,,,,,,,,
Francis Thompson,Alice Meynell,Coventry Kersey Dighton Patmore,,,,,,,,,,,,,,,,,,,,,,
Joanna Baillie,Anna Laetitia Barbauld,George Gordon Byron (6th Baron Byron),Thomas Campbell,Maria Edgeworth,Felicia Dorothea Hemans,Henry Mackenzie,Sir Walter Scott (1st Baronet),William Wordsworth,,,,,,,,,,,,,,,,
Ann Radcliffe,Anna Laetitia Barbauld,Hester Lynch Piozzi,,,,,,,,,,,,,,,,,,,,,,
Amelia Opie,Anna Laetitia Barbauld,Maria Edgeworth,William Hayley,Thomas Holcroft,Sir Walter Scott (1st Baronet),Helen Maria Williams,Mary Wollstonecraft,,,,,,,,,,,,,,,,,
Samuel Taylor Coleridge,Anna Laetitia Barbauld,Thomas Lovell Beddoes,George Gordon Byron (6th Baron Byron),Thomas Carlyle,Hartley Coleridge,Sara Coleridge,Thomas De Quincey,William Hazlitt,Thomas Hood,Charles Lamb,Mary Russell Mitford,Robert Southey,William Wordsworth,,,,,,,,,,,
Charlotte Brontë,Anne Brontë,Emily Brontë,Elizabeth Cleghorn Gaskell,George Henry Lewes,Harriet Martineau,Robert Southey,William Makepeace Thackeray,,,,,,,,,,,,,,,,,
John Buchan (1st Baron Tweedsmuir),Arnold Bennett,Elizabeth Bowen,Mary Gladys Webb,,,,,,,,,,,,,,,,,,,,,
Sir Max Beerbohm,Arnold Bennett,G. K. Chesterton,Sir Edmund Gosse,Siegfried Sassoon,Oscar Wilde,,,,,,,,,,,,,,,,,,,
Sir Hugh Seymour Walpole,Arnold Bennett,Joseph Conrad,C. S. Forester,J. B. Priestley,Dorothy M. Richardson,Saki (Hector Hugh Munro),,,,,,,,,,,,,,,,,,
Aldous Huxley,Arnold Bennett,William Henry Davies,T. S. Eliot,Robert Graves,L. P. Hartley,Katherine Mansfield,Dame Edith Sitwell,Sir Osbert Sitwell (5th Baronet),Mrs. Humphry Ward,Virginia Woolf,,,,,,,,,,,,,,
Edward Martyn,Augusta (Lady Gregory),George Moore,William Butler Yeats,,,,,,,,,,,,,,,,,,,,,
John Millington Synge,Augusta (Lady Gregory),James Joyce,John Masefield,James Stephens,William Butler Yeats,,,,,,,,,,,,,,,,,,,
Sean O'Faolain,Brendan Behan,Elizabeth Bowen,,,,,,,,,,,,,,,,,,,,,,
Dorothy M. Richardson,Bryher (Annie Winifred Ellerman),Ford Madox Ford,Sir Hugh Seymour Walpole,H. G. Wells,Dame Rebecca West,Virginia Woolf,,,,,,,,,,,,,,,,,,
Laurie Lee,C. Day-Lewis,John Lehmann,,,,,,,,,,,,,,,,,,,,,,
Edmund Charles Blunden,C. Day-Lewis,Walter de la Mare,Keith Castellain Douglas,T. S. Eliot,Siegfried Sassoon,,,,,,,,,,,,,,,,,,,
J. R. R. Tolkien,C. S. Lewis,John Barrington Wain,,,,,,,,,,,,,,,,,,,,,,
William Harrison Ainsworth,Charles Dickens,Leigh Hunt,Charles Lamb,,,,,,,,,,,,,,,,,,,,,
Thomas Love Peacock,Charles Dickens,Leigh Hunt,John Keats,George Meredith,Percy Bysshe Shelley,,,,,,,,,,,,,,,,,,,
Douglas William Jerrold,Charles Dickens,William Makepeace Thackeray,,,,,,,,,,,,,,,,,,,,,,
Thomas Hughes,Charles Kingsley,,,,,,,,,,,,,,,,,,,,,,,
Elizabeth Cleghorn Gaskell,Charlotte Brontë,Charles Dickens,,,,,,,,,,,,,,,,,,,,,,
Harriet Martineau,Charlotte Brontë,Elizabeth Barrett Browning,Robert Browning,Thomas Carlyle,Charles Dickens,Arthur Henry Hallam,Edward George Earle Bulwer-Lytton (1st Baron Lytton of Knebworth),William Makepeace Thackeray,William Wordsworth,,,,,,,,,,,,,,,
Anne Brontë,Charlotte Brontë,Emily Brontë,,,,,,,,,,,,,,,,,,,,,,
George Henry Lewes,Charlotte Brontë,Thomas Carlyle,Wilkie Collins,Charles Dickens,George Eliot,Leigh Hunt,William Makepeace Thackeray,,,,,,,,,,,,,,,,,
David Garrick,Christopher Anstey,James Beattie,Fanny (Frances) Burney,John Cleland,George Colman the Elder,George Colman the Younger,Richard Cumberland,Oliver Goldsmith,Samuel Johnson,Hugh Kelly,Charlotte Lennox,Hester Lynch Piozzi,Richard Brinsley Butler Sheridan,Tobias Smollett,Laurence Sterne,William Whitehead,,,,,,,,
Anna Seward,Christopher Anstey,William Hayley,Samuel Johnson,Sir Walter Scott (1st Baronet),Helen Maria Williams,,,,,,,,,,,,,,,,,,,
William Whitehead,David Garrick,,,,,,,,,,,,,,,,,,,,,,,
Christopher Anstey,David Garrick,Anna Seward,,,,,,,,,,,,,,,,,,,,,,
Hugh Kelly,David Garrick,Oliver Goldsmith,,,,,,,,,,,,,,,,,,,,,,
Oliver Goldsmith,David Garrick,Samuel Johnson,Hugh Kelly,Charlotte Lennox,Hester Lynch Piozzi,Tobias Smollett,,,,,,,,,,,,,,,,,,
Vernon Phillips Watkins,David Jones,Philip Larkin,Dylan Thomas,William Butler Yeats,,,,,,,,,,,,,,,,,,,,
Walter de la Mare,Edmund Charles Blunden,Robert Browning,William Henry Davies,T. S. Eliot,Sir Henry John Newbolt,Forrest Reid,Siegfried Sassoon,Edward Thomas,,,,,,,,,,,,,,,,
Keith Castellain Douglas,Edmund Charles Blunden,T. S. Eliot,,,,,,,,,,,,,,,,,,,,,,
Laurence Binyon,Edward Dowden,Lionel Johnson,Wyndham Lewis,John Masefield,Walter Pater,Siegfried Sassoon,William Butler Yeats,,,,,,,,,,,,,,,,,
Charles Reade,Edward George Earle Bulwer-Lytton (1st Baron Lytton of Knebworth),Anthony Trollope,,,,,,,,,,,,,,,,,,,,,,
Arthur O'Shaughnessy,Edward Robert Bulwer-Lytton (1st Earl of Lytton),Dante Gabriel Rossetti,Algernon Charles Swinburne,,,,,,,,,,,,,,,,,,,,,
Mary Elizabeth Braddon,Edward Robert Bulwer-Lytton (1st Earl of Lytton),Oscar Wilde,,,,,,,,,,,,,,,,,,,,,,
Arthur Michell Ransome,Edward Thomas,,,,,,,,,,,,,,,,,,,,,,,
Mary Russell Mitford,Elizabeth Barrett Browning,Robert Browning,Samuel Taylor Coleridge,George Darley,Thomas De Quincey,Charles Lamb,,,,,,,,,,,,,,,,,,
Sara Coleridge,Elizabeth Barrett Browning,Thomas Carlyle,Hartley Coleridge,Samuel Taylor Coleridge,Thomas De Quincey,Baron Thomas Babington Macaulay,Robert Southey,William Wordsworth,,,,,,,,,,,,,,,,
Elizabeth Taylor,Elizabeth Bowen,Rosamond Nina Lehmann,,,,,,,,,,,,,,,,,,,,,,
Virginia Woolf,Elizabeth Bowen,Rupert Brooke,Frances Cornford,E. M. Forster,Robert Graves,L. P. Hartley,Aldous Huxley,John Lehmann,Rosamond Nina Lehmann,Dame Rose Macaulay,Katherine Mansfield,Alice Meynell,Dorothy M. Richardson,Vita Sackville-West,Dame Edith Sitwell,Sir Osbert Sitwell (5th Baronet),,,,,,,,
Matthew Arnold,Emily Brontë,Robert Browning,Lewis Carroll,Arthur Hugh Clough,Dame Rose Macaulay,Francis Turner Palgrave,Mrs. Humphry Ward,William Wordsworth,,,,,,,,,,,,,,,,
Sir Noël Coward,Eric Ambler,Sir John Betjeman,Roald Dahl,Ian Fleming,Sir Terence Rattigan,Dame Rebecca West,,,,,,,,,,,,,,,,,,
Arthur Young,Fanny (Frances) Burney,,,,,,,,,,,,,,,,,,,,,,,
George Colman the Elder,Fanny (Frances) Burney,Charles Churchill,George Colman the Younger,William Cowper,David Garrick,,,,,,,,,,,,,,,,,,,
Helen Maria Williams,Fanny (Frances) Burney,William Hayley,Samuel Johnson,Amelia Opie,Anna Seward,Charlotte Smith,Mary Wollstonecraft,,,,,,,,,,,,,,,,,
Joseph Conrad,Ford Madox Ford,John Galsworthy,W. H. Hudson,Sir Henry John Newbolt,Arthur Symons,Sir Hugh Seymour Walpole,H. G. Wells,,,,,,,,,,,,,,,,,
A. E. Housman,G. K. Chesterton,,,,,,,,,,,,,,,,,,,,,,,
E. C. Bentley,G. K. Chesterton,,,,,,,,,,,,,,,,,,,,,,,
Dame Agatha Christie,G. K. Chesterton,,,,,,,,,,,,,,,,,,,,,,,
Edwin Muir,George Barker,George Mackay Brown,William Soutar,Dylan Thomas,,,,,,,,,,,,,,,,,,,,
Sir Arthur Wing Pinero,George Bernard Shaw,,,,,,,,,,,,,,,,,,,,,,,
R. C. Sherriff,George Bernard Shaw,,,,,,,,,,,,,,,,,,,,,,,
Jack Thomas Grein,George Bernard Shaw,,,,,,,,,,,,,,,,,,,,,,,
John Davidson,George Bernard Shaw,Algernon Charles Swinburne,William Butler Yeats,,,,,,,,,,,,,,,,,,,,,
Charles Churchill,George Colman the Elder,,,,,,,,,,,,,,,,,,,,,,,
George Colman the Younger,George Colman the Elder,David Garrick,Samuel Johnson,,,,,,,,,,,,,,,,,,,,,
Fanny (Frances) Burney,George Colman the Elder,David Garrick,Samuel Johnson,Hester Lynch Piozzi,Helen Maria Williams,,,,,,,,,,,,,,,,,,,
William Cowper,George Colman the Elder,William Hayley,,,,,,,,,,,,,,,,,,,,,,
Allan Cunningham,George Darley,Thomas Hood,Charles Lamb,,,,,,,,,,,,,,,,,,,,,
Anthony Trollope,George Eliot,Charles Reade,William Makepeace Thackeray,,,,,,,,,,,,,,,,,,,,,
Marguerite Gardiner (Countess of Blessington),George Gordon Byron (6th Baron Byron),Charles Dickens,Edward George Earle Bulwer-Lytton (1st Baron Lytton of Knebworth),William Makepeace Thackeray,,,,,,,,,,,,,,,,,,,,
William Gifford,George Gordon Byron (6th Baron Byron),Charles Lamb,,,,,,,,,,,,,,,,,,,,,,
Charles Robert Maturin,George Gordon Byron (6th Baron Byron),Charles Lamb,Sir Walter Scott (1st Baronet),,,,,,,,,,,,,,,,,,,,,
Letitia Elizabeth Landon,George Gordon Byron (6th Baron Byron),Edward George Earle Bulwer-Lytton (1st Baron Lytton of Knebworth),,,,,,,,,,,,,,,,,,,,,,
Percy Bysshe Shelley,George Gordon Byron (6th Baron Byron),Felicia Dorothea Hemans,Leigh Hunt,John Keats,Matthew Gregory Lewis,Thomas Love Peacock,Robert Southey,Mary Wollstonecraft,,,,,,,,,,,,,,,,
John Galt,George Gordon Byron (6th Baron Byron),James Hogg,Sir Walter Scott (1st Baronet),,,,,,,,,,,,,,,,,,,,,
James Hogg,George Gordon Byron (6th Baron Byron),John Galt,Felicia Dorothea Hemans,Sir Walter Scott (1st Baronet),William Wordsworth,,,,,,,,,,,,,,,,,,,
Matthew Gregory Lewis,George Gordon Byron (6th Baron Byron),Susan Edmonstone Ferrier,Sir Walter Scott (1st Baronet),Percy Bysshe Shelley,Robert Southey,,,,,,,,,,,,,,,,,,,
William Lisle Bowles,George Gordon Byron (6th Baron Byron),Thomas Campbell,Joseph Warton,,,,,,,,,,,,,,,,,,,,,
Thomas Moore,George Gordon Byron (6th Baron Byron),Thomas Carlyle,George Crabbe,Leigh Hunt,Baron Thomas Babington Macaulay,Richard Brinsley Butler Sheridan,,,,,,,,,,,,,,,,,,
Norman MacCaig,George Mackay Brown,,,,,,,,,,,,,,,,,,,,,,,
Marie Corelli,George Meredith,Oscar Wilde,,,,,,,,,,,,,,,,,,,,,,
Arthur Koestler,George Orwell,,,,,,,,,,,,,,,,,,,,,,,
Robert Bridges,Gerard Manley Hopkins,John Masefield,Sir Henry John Newbolt,,,,,,,,,,,,,,,,,,,,,
Mervyn Peake,Graham Greene,Dylan Thomas,,,,,,,,,,,,,,,,,,,,,,
Sarah Fielding,Henry Fielding,Charlotte Lennox,,,,,,,,,,,,,,,,,,,,,,
Charlotte Lennox,Henry Fielding,Sarah Fielding,David Garrick,Oliver Goldsmith,Samuel Johnson,,,,,,,,,,,,,,,,,,,
Sir Edwin Arnold,Henry Kingsley,,,,,,,,,,,,,,,,,,,,,,,
H. G. Wells,Hilaire Belloc,Arnold Bennett,Rupert Brooke,Sir Arthur Conan Doyle,Joseph Conrad,Ford Madox Ford,George Gissing,William Ernest Henley,Wyndham Lewis,A. A. Milne,Sir Henry John Newbolt,Dorothy M. Richardson,Siegfried Sassoon,George Bernard Shaw,Dame Rebecca West,,,,,,,,,
Edward Thomas,Hilaire Belloc,Rupert Brooke,William Henry Davies,Walter de la Mare,Sir Henry John Newbolt,Arthur Michell Ransome,,,,,,,,,,,,,,,,,,
Lewis Grassic Gibbon,Hugh MacDiarmid,,,,,,,,,,,,,,,,,,,,,,,
William Soutar,Hugh MacDiarmid,Edwin Muir,,,,,,,,,,,,,,,,,,,,,,
Nancy Mitford,Ian Fleming,,,,,,,,,,,,,,,,,,,,,,,
W. Somerset Maugham,Ian Fleming,,,,,,,,,,,,,,,,,,,,,,,
Vita Sackville-West,Ian Fleming,Virginia Woolf,,,,,,,,,,,,,,,,,,,,,,
Angela Margaret Thirkell,J. M. Barrie,,,,,,,,,,,,,,,,,,,,,,,
Sir Arthur Conan Doyle,J. M. Barrie,Rudyard Kipling,Andrew Lang,A. A. Milne,H. G. Wells,Sir P. G. Wodehouse,,,,,,,,,,,,,,,,,,
A. A. Milne,J. M. Barrie,Sir Arthur Conan Doyle,H. G. Wells,Sir P. G. Wodehouse,,,,,,,,,,,,,,,,,,,,
Hester Lynch Piozzi,James Beattie,Fanny (Frances) Burney,David Garrick,Oliver Goldsmith,Samuel Johnson,Ann Radcliffe,,,,,,,,,,,,,,,,,,
Samuel Johnson,James Beattie,Fanny (Frances) Burney,William Collins,George Colman the Younger,George Crabbe,David Garrick,Oliver Goldsmith,Charlotte Lennox,Hester Lynch Piozzi,Anna Seward,Richard Brinsley Butler Sheridan,Tobias Smollett,Joseph Warton,Thomas Warton the Younger,Helen Maria Williams,,,,,,,,,
Thomas Gray,James Beattie,Horace Walpole (4th earl of Orford),Thomas Warton the Younger,,,,,,,,,,,,,,,,,,,,,
John Keats,James Beattie,John Clare,William Hazlitt,Leigh Hunt,Charles Lamb,Thomas Love Peacock,Percy Bysshe Shelley,,,,,,,,,,,,,,,,,
Mark Akenside,James Beattie,Tobias Smollett,,,,,,,,,,,,,,,,,,,,,,
James Thomson,James Beattie,William Collins,,,,,,,,,,,,,,,,,,,,,,
Flann O'Brien,James Joyce,,,,,,,,,,,,,,,,,,,,,,,
Sir Walter Scott (1st Baronet),Jane Austen,Joanna Baillie,Anna Laetitia Barbauld,Lady Anne Barnard,George Gordon Byron (6th Baron Byron),Thomas Campbell,Hartley Coleridge,George Crabbe,John Wilson Croker,Maria Edgeworth,Susan Edmonstone Ferrier,John Galt,William Hayley,Felicia Dorothea Hemans,James Hogg,Thomas Hood,Matthew Gregory Lewis,Henry Mackenzie,Charles Robert Maturin,Amelia Opie,Thomas Pringle,Anna Seward,Robert Southey,William Wordsworth
Maria Edgeworth,Joanna Baillie,Anna Laetitia Barbauld,Thomas Lovell Beddoes,Amelia Opie,Sir Walter Scott (1st Baronet),,,,,,,,,,,,,,,,,,,
Felicia Dorothea Hemans,Joanna Baillie,James Hogg,Sir Walter Scott (1st Baronet),Percy Bysshe Shelley,William Wordsworth,,,,,,,,,,,,,,,,,,,
George Gordon Byron (6th Baron Byron),Joanna Baillie,Marguerite Gardiner (Countess of Blessington),William Lisle Bowles,Samuel Taylor Coleridge,John Galt,William Gifford,James Hogg,Leigh Hunt,Letitia Elizabeth Landon,Matthew Gregory Lewis,Charles Robert Maturin,Thomas Moore,Sir Walter Scott (1st Baronet),Percy Bysshe Shelley,Mary Wollstonecraft,,,,,,,,,
Henry Mackenzie,Joanna Baillie,Robert Burns,Thomas Campbell,Susan Edmonstone Ferrier,John Home,Sir Walter Scott (1st Baronet),,,,,,,,,,,,,,,,,,
Anna Laetitia Barbauld,Joanna Baillie,Samuel Taylor Coleridge,Maria Edgeworth,Amelia Opie,Ann Radcliffe,Sir Walter Scott (1st Baronet),,,,,,,,,,,,,,,,,,
Thomas Campbell,Joanna Baillie,William Lisle Bowles,George Crabbe,Henry Mackenzie,Sir Walter Scott (1st Baronet),,,,,,,,,,,,,,,,,,,
Paul Scott,John Braine,,,,,,,,,,,,,,,,,,,,,,,
Mary Gladys Webb,John Buchan (1st Baron Tweedsmuir),G. K. Chesterton,,,,,,,,,,,,,,,,,,,,,,
Elizabeth Bowen,John Buchan (1st Baron Tweedsmuir),Rosamond Nina Lehmann,Dame Rose Macaulay,Sean O'Faolain,Elizabeth Taylor,Virginia Woolf,,,,,,,,,,,,,,,,,,
Robert Bloomfield,John Clare,George Crabbe,Charles Lamb,James Montgomery,Robert Southey,,,,,,,,,,,,,,,,,,,
William Hazlitt,John Clare,Samuel Taylor Coleridge,Thomas Holcroft,Leigh Hunt,John Keats,Charles Lamb,Coventry Kersey Dighton Patmore,William Wordsworth,,,,,,,,,,,,,,,,
Samuel Foote,John Cleland,Richard Cumberland,Laurence Sterne,,,,,,,,,,,,,,,,,,,,,
Henry Williamson,John Galsworthy,,,,,,,,,,,,,,,,,,,,,,,
James Macpherson,John Home,,,,,,,,,,,,,,,,,,,,,,,
William Collins,John Home,Samuel Johnson,John Langhorne,James Thomson,Joseph Warton,Thomas Warton the Younger,,,,,,,,,,,,,,,,,,
Roy Fuller,John Lehmann,,,,,,,,,,,,,,,,,,,,,,,
W. H. Hudson,Joseph Conrad,,,,,,,,,,,,,,,,,,,,,,,
Arthur Symons,Joseph Conrad,Ernest Dowson,Sir Edmund Gosse,Lionel Johnson,James Joyce,Wyndham Lewis,Walter Pater,William Butler Yeats,,,,,,,,,,,,,,,,
John Galsworthy,Joseph Conrad,Henry Williamson,,,,,,,,,,,,,,,,,,,,,,
Ford Madox Ford,Joseph Conrad,Norman Douglas,Thomas Hardy,James Joyce,D. H. Lawrence,Wyndham Lewis,Dorothy M. Richardson,Christina Rossetti,Dante Gabriel Rossetti,H. G. Wells,William Butler Yeats,,,,,,,,,,,,,
Anthony Hope,Kenneth Grahame,Robert Louis Stevenson,,,,,,,,,,,,,,,,,,,,,,
William Ernest Henley,Kenneth Grahame,Thomas Hardy,Rudyard Kipling,Alice Meynell,George Bernard Shaw,Robert Louis Stevenson,H. G. Wells,Oscar Wilde,William Butler Yeats,,,,,,,,,,,,,,,
Richard Brinsley Butler Sheridan,Lady Anne Barnard,David Garrick,Samuel Johnson,Sheridan Le Fanu,Thomas Moore,,,,,,,,,,,,,,,,,,,
Rupert Brooke,Lascelles Abercrombie,Hilaire Belloc,Sir Winston Churchill,Frances Cornford,Norman Douglas,John Drinkwater,E. M. Forster,Dame Rose Macaulay,Katherine Mansfield,Sir Henry John Newbolt,Edward Thomas,H. G. Wells,Virginia Woolf,,,,,,,,,,,
John Drinkwater,Lascelles Abercrombie,Rupert Brooke,,,,,,,,,,,,,,,,,,,,,,
Lionel Johnson,Laurence Binyon,Ernest Dowson,Walter Pater,Arthur Symons,Oscar Wilde,William Butler Yeats,,,,,,,,,,,,,,,,,,
John Masefield,Laurence Binyon,Robert Bridges,William Henry Davies,Robert Graves,John Millington Synge,William Butler Yeats,,,,,,,,,,,,,,,,,,
Edward Dowden,Laurence Binyon,Robert Southey,,,,,,,,,,,,,,,,,,,,,,
Walter Pater,Laurence Binyon,Sir Edmund Gosse,Gerard Manley Hopkins,Lionel Johnson,John Keble,Katherine Mansfield,Arthur Symons,Mrs. Humphry Ward,Oscar Wilde,,,,,,,,,,,,,,,
Christina Rossetti,Lewis Carroll,Ford Madox Ford,Jean Ingelow,Dante Gabriel Rossetti,,,,,,,,,,,,,,,,,,,,
Algernon Charles Swinburne,Lewis Carroll,John Davidson,George Meredith,William Morris,Arthur O'Shaughnessy,Dante Gabriel Rossetti,Mark Rutherford,Theodore Watts-Dunton,,,,,,,,,,,,,,,,
Hugh MacDiarmid,Lewis Grassic Gibbon,William Soutar,,,,,,,,,,,,,,,,,,,,,,
Sir William Empson,Louis MacNeice,George Orwell,I. A. Richards,,,,,,,,,,,,,,,,,,,,,
Olivia Manning,Louis MacNeice,Stevie Smith,,,,,,,,,,,,,,,,,,,,,,
William Makepeace Thackeray,Marguerite Gardiner (Countess of Blessington),Charlotte Brontë,Thomas Carlyle,Edward FitzGerald,Douglas William Jerrold,George Henry Lewes,George Macdonald,Harriet Martineau,Anthony Trollope,,,,,,,,,,,,,,,
Edward George Earle Bulwer-Lytton (1st Baron Lytton of Knebworth),Marguerite Gardiner (Countess of Blessington),Wilkie Collins,Letitia Elizabeth Landon,Sheridan Le Fanu,Harriet Martineau,Charles Reade,,,,,,,,,,,,,,,,,,
George Meredith,Marie Corelli,George Gissing,Thomas Hardy,Alice Meynell,Thomas Love Peacock,Algernon Charles Swinburne,,,,,,,,,,,,,,,,,,
James Beattie,Mark Akenside,David Garrick,Thomas Gray,Samuel Johnson,John Keats,Hester Lynch Piozzi,James Thomson,,,,,,,,,,,,,,,,,
Tobias Smollett,Mark Akenside,John Cleland,Henry Fielding,David Garrick,Oliver Goldsmith,Samuel Johnson,Laurence Sterne,,,,,,,,,,,,,,,,,
Edward Robert Bulwer-Lytton (1st Earl of Lytton),Mary Elizabeth Braddon,Arthur O'Shaughnessy,,,,,,,,,,,,,,,,,,,,,,
Mrs. Humphry Ward,Matthew Arnold,Aldous Huxley,Dame Rose Macaulay,Walter Pater,Mrs. Humphry Ward,,,,,,,,,,,,,,,,,,,
Emily Brontë,Matthew Arnold,Anne Brontë,Charlotte Brontë,,,,,,,,,,,,,,,,,,,,,
Dame Rose Macaulay,Matthew Arnold,Elizabeth Bowen,Rupert Brooke,E. M. Forster,Rosamond Nina Lehmann,Mrs. Humphry Ward,Virginia Woolf,,,,,,,,,,,,,,,,,
Arthur Hugh Clough,Matthew Arnold,Francis Turner Palgrave,,,,,,,,,,,,,,,,,,,,,,
William Wordsworth,Matthew Arnold,Joanna Baillie,Thomas Carlyle,Hartley Coleridge,Samuel Taylor Coleridge,Sara Coleridge,George Crabbe,Thomas De Quincey,William Hazlitt,Felicia Dorothea Hemans,James Hogg,Thomas Hood,Leigh Hunt,Charles Lamb,Harriet Martineau,Sir Walter Scott (1st Baronet),Charlotte Smith,Robert Southey,,,,,,
Susan Edmonstone Ferrier,Matthew Gregory Lewis,Henry Mackenzie,Sir Walter Scott (1st Baronet),,,,,,,,,,,,,,,,,,,,,
Compton Mackenzie,Norman Douglas,,,,,,,,,,,,,,,,,,,,,,,
Bryher (Annie Winifred Ellerman),Norman Douglas,James Joyce,Dorothy M. Richardson,,,,,,,,,,,,,,,,,,,,,
Graham Greene,Norman Douglas,Mervyn Peake,J. B. Priestley,,,,,,,,,,,,,,,,,,,,,
George Mackay Brown,Norman MacCaig,Edwin Muir,,,,,,,,,,,,,,,,,,,,,,
AE (George William Russell),Oliver St. John Gogarty,James Joyce,Frank O'Connor,James Stephens,William Butler Yeats,,,,,,,,,,,,,,,,,,,
Stevie Smith,Olivia Manning,Sir Osbert Sitwell (5th Baronet),,,,,,,,,,,,,,,,,,,,,,
John Braine,Paul Scott,,,,,,,,,,,,,,,,,,,,,,,
Barbara Mary Crampton Pym,Philip Larkin,,,,,,,,,,,,,,,,,,,,,,,
Samuel Beckett,Richard Aldington,Brendan Behan,James Joyce,,,,,,,,,,,,,,,,,,,,,
D. H. Lawrence,Richard Aldington,Ford Madox Ford,Katherine Mansfield,,,,,,,,,,,,,,,,,,,,,
Lawrence Durrell,Richard Aldington,T. S. Eliot,Rex Ernest Warner,,,,,,,,,,,,,,,,,,,,,
T. S. Eliot,Richard Aldington,W.H. Auden,George Barker,Arnold Bennett,Sir John Betjeman,Edmund Charles Blunden,C. Day-Lewis,Walter de la Mare,Keith Castellain Douglas,Ernest Dowson,Lawrence Durrell,T. S. Eliot,Aldous Huxley,David Jones,Wyndham Lewis,Louis MacNeice,Katherine Mansfield,Dame Iris Murdoch,Sir Herbert Read,Dame Edith Sitwell,Sir Stephen Spender,Evelyn Underhill,,
C. S. Forester,Roald Dahl,Sir Hugh Seymour Walpole,,,,,,,,,,,,,,,,,,,,,,
James Montgomery,Robert Bloomfield,,,,,,,,,,,,,,,,,,,,,,,
Robert Southey,Robert Bloomfield,Charlotte Brontë,Thomas Carlyle,Hartley Coleridge,Samuel Taylor Coleridge,Sara Coleridge,John Wilson Croker,Thomas De Quincey,Edward Dowden,Charles Lamb,Matthew Gregory Lewis,Sir Walter Scott (1st Baronet),Percy Bysshe Shelley,William Wordsworth,,,,,,,,,,
John Clare,Robert Bloomfield,George Darley,Thomas De Quincey,William Hazlitt,Thomas Hood,John Keats,Charles Lamb,,,,,,,,,,,,,,,,,
George Crabbe,Robert Bloomfield,Thomas Campbell,Samuel Johnson,Thomas Moore,Sir Walter Scott (1st Baronet),William Wordsworth,,,,,,,,,,,,,,,,,,
Sir Henry John Newbolt,Robert Bridges,Rupert Brooke,Joseph Conrad,Walter de la Mare,Sir Arthur Thomas Quiller-Couch,Edward Thomas,H. G. Wells,,,,,,,,,,,,,,,,,
Fanny Kemble,Robert Browning,Edward FitzGerald,,,,,,,,,,,,,,,,,,,,,,
Robert Williams Buchanan,Robert Browning,George Eliot,,,,,,,,,,,,,,,,,,,,,,
Thomas Hood,Robert Browning,John Clare,Samuel Taylor Coleridge,Allan Cunningham,Thomas De Quincey,Charles Dickens,Charles Lamb,Sir Walter Scott (1st Baronet),William Wordsworth,,,,,,,,,,,,,,,
Elizabeth Barrett Browning,Robert Browning,Sara Coleridge,Leigh Hunt,Harriet Martineau,Mary Russell Mitford,Coventry Kersey Dighton Patmore,,,,,,,,,,,,,,,,,,
Dante Gabriel Rossetti,Robert Browning,Sir Hall Caine,Lewis Carroll,Ford Madox Ford,Leigh Hunt,Alice Meynell,William Morris,Arthur O'Shaughnessy,Christina Rossetti,Mark Rutherford,Algernon Charles Swinburne,Theodore Watts-Dunton,,,,,,,,,,,,
Mark Rutherford,Robert Browning,Thomas Carlyle,George Eliot,William Morris,Dante Gabriel Rossetti,Algernon Charles Swinburne,,,,,,,,,,,,,,,,,,
Robert Fergusson,Robert Burns,,,,,,,,,,,,,,,,,,,,,,,
John Home,Robert Burns,William Collins,Henry Mackenzie,James Macpherson,,,,,,,,,,,,,,,,,,,,
Robert Burns,Robert Fergusson,John Home,Henry Mackenzie,,,,,,,,,,,,,,,,,,,,,
Alun Lewis,Robert Graves,,,,,,,,,,,,,,,,,,,,,,,
Sir Kingsley Amis,Robert Graves,Philip Larkin,John Barrington Wain,,,,,,,,,,,,,,,,,,,,,
George Eliot,Robert Williams Buchanan,George Henry Lewes,Alice Meynell,Mark Rutherford,Anthony Trollope,,,,,,,,,,,,,,,,,,,
Norman Douglas,Rupert Brooke,Bryher (Annie Winifred Ellerman),Ford Madox Ford,Graham Greene,Compton Mackenzie,,,,,,,,,,,,,,,,,,,
Hilaire Belloc,Rupert Brooke,G. K. Chesterton,Edward Thomas,H. G. Wells,,,,,,,,,,,,,,,,,,,,
Lascelles Abercrombie,Rupert Brooke,John Drinkwater,,,,,,,,,,,,,,,,,,,,,,
Katherine Mansfield,Rupert Brooke,T. S. Eliot,Aldous Huxley,D. H. Lawrence,Wyndham Lewis,Walter Pater,Oscar Wilde,Virginia Woolf,,,,,,,,,,,,,,,,
E. M. Forster,Rupert Brooke,Thomas Hardy,Rosamond Nina Lehmann,Dame Rose Macaulay,Forrest Reid,Siegfried Sassoon,Virginia Woolf,,,,,,,,,,,,,,,,,
Frances Cornford,Rupert Brooke,Virginia Woolf,,,,,,,,,,,,,,,,,,,,,,
Richard Aldington,Samuel Beckett,Lawrence Durrell,T. S. Eliot,D. H. Lawrence,,,,,,,,,,,,,,,,,,,,
Brendan Behan,Samuel Beckett,Sean O'Faolain,,,,,,,,,,,,,,,,,,,,,,
Richard Cumberland,Samuel Foote,David Garrick,,,,,,,,,,,,,,,,,,,,,,
John Cleland,Samuel Foote,David Garrick,Tobias Smollett,,,,,,,,,,,,,,,,,,,,,
Laurence Sterne,Samuel Foote,David Garrick,Tobias Smollett,,,,,,,,,,,,,,,,,,,,,
Thomas Lovell Beddoes,Samuel Taylor Coleridge,George Darley,Maria Edgeworth,Sir Edmund Gosse,,,,,,,,,,,,,,,,,,,,
Baron Thomas Babington Macaulay,Sara Coleridge,Arthur Henry Hallam,Thomas Moore,,,,,,,,,,,,,,,,,,,,,
Henry Fielding,Sarah Fielding,Charlotte Lennox,Tobias Smollett,Joseph Warton,,,,,,,,,,,,,,,,,,,,
Thomas Osborne Davis,Sheridan Le Fanu,,,,,,,,,,,,,,,,,,,,,,,
J. M. Barrie,Sir Arthur Conan Doyle,Angela Margaret Thirkell,,,,,,,,,,,,,,,,,,,,,,
Andrew Lang,Sir Arthur Conan Doyle,Rudyard Kipling,Robert Louis Stevenson,,,,,,,,,,,,,,,,,,,,,
Rudyard Kipling,Sir Arthur Conan Doyle,William Ernest Henley,Andrew Lang,,,,,,,,,,,,,,,,,,,,,
Charles Montagu Doughty,Sir Edmund Gosse,,,,,,,,,,,,,,,,,,,,,,,
George Moore,Sir Edmund Gosse,Augusta (Lady Gregory),James Joyce,Edward Martyn,I. A. Richards,James Stephens,William Butler Yeats,,,,,,,,,,,,,,,,,
William Archer,Sir Edmund Gosse,James Joyce,George Bernard Shaw,,,,,,,,,,,,,,,,,,,,,
Robert Louis Stevenson,Sir Edmund Gosse,William Ernest Henley,Anthony Hope,Andrew Lang,,,,,,,,,,,,,,,,,,,,
Henry Kingsley,Sir Edwin Arnold,Lewis Carroll,Charles Kingsley,,,,,,,,,,,,,,,,,,,,,
Bram Stoker,Sir Hall Caine,,,,,,,,,,,,,,,,,,,,,,,
Sir Arthur Thomas Quiller-Couch,Sir Henry John Newbolt,,,,,,,,,,,,,,,,,,,,,,,
Saki (Hector Hugh Munro),Sir Hugh Seymour Walpole,,,,,,,,,,,,,,,,,,,,,,,
W.H. Auden,Sir John Betjeman,C. Day-Lewis,T. S. Eliot,David Jones,John Lehmann,Rosamond Nina Lehmann,Louis MacNeice,Dame Edith Sitwell,Sir Osbert Sitwell (5th Baronet),Sir Stephen Spender,Rex Ernest Warner,,,,,,,,,,,,,
C. S. Lewis,Sir John Betjeman,J. R. R. Tolkien,John Barrington Wain,,,,,,,,,,,,,,,,,,,,,
Robert Graves,Sir Kingsley Amis,Aldous Huxley,Alun Lewis,John Masefield,Siegfried Sassoon,Dame Edith Sitwell,Virginia Woolf,,,,,,,,,,,,,,,,,
Philip Larkin,Sir Kingsley Amis,Barbara Mary Crampton Pym,John Barrington Wain,Vernon Phillips Watkins,,,,,,,,,,,,,,,,,,,,
John Barrington Wain,Sir Kingsley Amis,Philip Larkin,C. S. Lewis,J. R. R. Tolkien,,,,,,,,,,,,,,,,,,,,
G. K. Chesterton,Sir Max Beerbohm,Hilaire Belloc,E. C. Bentley,Dame Agatha Christie,A. E. Housman,Mary Gladys Webb,,,,,,,,,,,,,,,,,,
Arnold Bennett,Sir Max Beerbohm,John Buchan (1st Baron Tweedsmuir),T. S. Eliot,Aldous Huxley,Wyndham Lewis,Dame Edith Sitwell,Sir Osbert Sitwell (5th Baronet),Sir Hugh Seymour Walpole,H. G. Wells,,,,,,,,,,,,,,,
Siegfried Sassoon,Sir Max Beerbohm,Laurence Binyon,Edmund Charles Blunden,E. M. Forster,Sir Edmund Gosse,Robert Graves,Thomas Hardy,Dame Edith Sitwell,H. G. Wells,,,,,,,,,,,,,,,
Oscar Wilde,Sir Max Beerbohm,Wilfrid Scawen Blunt,Mary Elizabeth Braddon,Marie Corelli,Ernest Dowson,William Ernest Henley,Lionel Johnson,Katherine Mansfield,Alice Meynell,Walter Pater,William Butler Yeats,,,,,,,,,,,,,
Eric Ambler,Sir Noël Coward,,,,,,,,,,,,,,,,,,,,,,,
Sir Terence Rattigan,Sir Noël Coward,Emlyn Williams,,,,,,,,,,,,,,,,,,,,,,
Roald Dahl,Sir Noël Coward,Ian Fleming,C. S. Forester,,,,,,,,,,,,,,,,,,,,,
Ian Fleming,Sir Noël Coward,Roald Dahl,W. Somerset Maugham,Nancy Mitford,Vita Sackville-West,Dame Edith Sitwell,,,,,,,,,,,,,,,,,,
Dame Rebecca West,Sir Noël Coward,Wyndham Lewis,Dorothy M. Richardson,H. G. Wells,,,,,,,,,,,,,,,,,,,,
Sylvia Townsend Warner,Sir Stephen Spender,,,,,,,,,,,,,,,,,,,,,,,
Emlyn Williams,Sir Terence Rattigan,,,,,,,,,,,,,,,,,,,,,,,
Wilkie Collins,Sir Walter Besant,Charles Dickens,George Henry Lewes,Edward George Earle Bulwer-Lytton (1st Baron Lytton of Knebworth),,,,,,,,,,,,,,,,,,,,
Jane Austen,Sir Walter Scott (1st Baronet),,,,,,,,,,,,,,,,,,,,,,,
Thomas Pringle,Sir Walter Scott (1st Baronet),,,,,,,,,,,,,,,,,,,,,,,
Lady Anne Barnard,Sir Walter Scott (1st Baronet),Richard Brinsley Butler Sheridan,,,,,,,,,,,,,,,,,,,,,,
John Wilson Croker,Sir Walter Scott (1st Baronet),Robert Southey,,,,,,,,,,,,,,,,,,,,,,
George Orwell,Sir William Empson,Arthur Koestler,John Lehmann,,,,,,,,,,,,,,,,,,,,,
I. A. Richards,Sir William Empson,George Moore,,,,,,,,,,,,,,,,,,,,,,
Wilfrid Scawen Blunt,Sir Winston Churchill,Augusta (Lady Gregory),Oscar Wilde,,,,,,,,,,,,,,,,,,,,,
J. B. Priestley,Sir Winston Churchill,Graham Greene,Dame Iris Murdoch,Sir Hugh Seymour Walpole,,,,,,,,,,,,,,,,,,,,
Isaac Rosenberg,T. E. Hulme,,,,,,,,,,,,,,,,,,,,,,,
George Barker,T. S. Eliot,Edwin Muir,,,,,,,,,,,,,,,,,,,,,,
Dame Iris Murdoch,T. S. Eliot,J. B. Priestley,,,,,,,,,,,,,,,,,,,,,,
Ernest Dowson,T. S. Eliot,Lionel Johnson,Arthur Symons,Oscar Wilde,William Butler Yeats,,,,,,,,,,,,,,,,,,,
Sir Herbert Read,T. S. Eliot,Sir Osbert Sitwell (5th Baronet),,,,,,,,,,,,,,,,,,,,,,
Evelyn Underhill,T. S. Eliot,William Butler Yeats,,,,,,,,,,,,,,,,,,,,,,
George Borrow,Theodore Watts-Dunton,,,,,,,,,,,,,,,,,,,,,,,
Thomas De Quincey,Thomas Carlyle,John Clare,Samuel Taylor Coleridge,Sara Coleridge,Thomas Hood,Charles Lamb,Mary Russell Mitford,Robert Southey,William Wordsworth,,,,,,,,,,,,,,,
Horace Walpole (4th earl of Orford),Thomas Gray,,,,,,,,,,,,,,,,,,,,,,,
Charlotte Mew,Thomas Hardy,Alice Meynell,,,,,,,,,,,,,,,,,,,,,,
George Gissing,Thomas Hardy,George Meredith,H. G. Wells,,,,,,,,,,,,,,,,,,,,,
John Cowper Powys,Thomas Hardy,William Butler Yeats,,,,,,,,,,,,,,,,,,,,,,
Charles Kingsley,Thomas Hughes,Henry Kingsley,,,,,,,,,,,,,,,,,,,,,,
George Darley,Thomas Lovell Beddoes,John Clare,Allan Cunningham,Charles Lamb,Mary Russell Mitford,,,,,,,,,,,,,,,,,,,
Sheridan Le Fanu,Thomas Osborne Davis,Edward George Earle Bulwer-Lytton (1st Baron Lytton of Knebworth),Richard Brinsley Butler Sheridan,,,,,,,,,,,,,,,,,,,,,
Wyndham Lewis,W.H. Auden,Arnold Bennett,Laurence Binyon,T. S. Eliot,Ford Madox Ford,T. E. Hulme,James Joyce,Katherine Mansfield,Sir Stephen Spender,Arthur Symons,Dylan Thomas,H. G. Wells,Dame Rebecca West,William Butler Yeats,,,,,,,,,,
Sir Osbert Sitwell (5th Baronet),W.H. Auden,Arnold Bennett,William Henry Davies,Aldous Huxley,Sir Herbert Read,Dame Edith Sitwell,Stevie Smith,Sir Stephen Spender,Virginia Woolf,,,,,,,,,,,,,,,
Dame Edith Sitwell,W.H. Auden,Arnold Bennett,William Henry Davies,T. S. Eliot,Ian Fleming,Robert Graves,Aldous Huxley,Siegfried Sassoon,Sir Osbert Sitwell (5th Baronet),Dylan Thomas,Virginia Woolf,William Butler Yeats,,,,,,,,,,,,
Rex Ernest Warner,W.H. Auden,C. Day-Lewis,Lawrence Durrell,John Lehmann,,,,,,,,,,,,,,,,,,,,
Sir Stephen Spender,W.H. Auden,C. Day-Lewis,T. S. Eliot,Rosamond Nina Lehmann,Wyndham Lewis,Louis MacNeice,Sir Osbert Sitwell (5th Baronet),Sylvia Townsend Warner,,,,,,,,,,,,,,,,
C. Day-Lewis,W.H. Auden,Edmund Charles Blunden,Laurie Lee,Rosamond Nina Lehmann,Louis MacNeice,Siegfried Sassoon,Sir Stephen Spender,Rex Ernest Warner,,,,,,,,,,,,,,,,
Rosamond Nina Lehmann,W.H. Auden,Elizabeth Bowen,C. Day-Lewis,E. M. Forster,John Lehmann,Dame Rose Macaulay,Sir Stephen Spender,Elizabeth Taylor,Virginia Woolf,,,,,,,,,,,,,,,
John Lehmann,W.H. Auden,Roy Fuller,Laurie Lee,Rosamond Nina Lehmann,Louis MacNeice,George Orwell,Rex Ernest Warner,Virginia Woolf,,,,,,,,,,,,,,,,
Louis MacNeice,W.H. Auden,Sir John Betjeman,C. Day-Lewis,T. S. Eliot,Sir William Empson,John Lehmann,Olivia Manning,Sir Stephen Spender,Dylan Thomas,,,,,,,,,,,,,,,
Sir John Betjeman,W.H. Auden,Sir Noël Coward,T. S. Eliot,C. S. Lewis,Louis MacNeice,,,,,,,,,,,,,,,,,,,
David Jones,W.H. Auden,T. S. Eliot,Vernon Phillips Watkins,,,,,,,,,,,,,,,,,,,,,
John Keble,Walter Pater,Charlotte M. Yonge,,,,,,,,,,,,,,,,,,,,,,
William Henry Davies,Walter de la Mare,Aldous Huxley,John Masefield,George Bernard Shaw,Dame Edith Sitwell,Sir Osbert Sitwell (5th Baronet),Edward Thomas,,,,,,,,,,,,,,,,,
Forrest Reid,Walter de la Mare,E. M. Forster,,,,,,,,,,,,,,,,,,,,,,
Augusta (Lady Gregory),Wilfrid Scawen Blunt,Edward Martyn,George Moore,James Stephens,John Millington Synge,William Butler Yeats,,,,,,,,,,,,,,,,,,
Sir Winston Churchill,Wilfrid Scawen Blunt,Rupert Brooke,J. B. Priestley,,,,,,,,,,,,,,,,,,,,,
George Bernard Shaw,William Archer,John Davidson,William Henry Davies,Jack Thomas Grein,William Ernest Henley,Sir Arthur Wing Pinero,R. C. Sherriff,H. G. Wells,William Butler Yeats,,,,,,,,,,,,,,,
Sir Edmund Gosse,William Archer,Thomas Lovell Beddoes,Sir Max Beerbohm,Charles Montagu Doughty,Edward FitzGerald,George Moore,Walter Pater,Coventry Kersey Dighton Patmore,Siegfried Sassoon,Robert Louis Stevenson,Arthur Symons,,,,,,,,,,,,,
Thomas Hardy,William Barnes,Edward FitzGerald,Ford Madox Ford,E. M. Forster,George Gissing,William Ernest Henley,George Meredith,Charlotte Mew,John Cowper Powys,Siegfried Sassoon,,,,,,,,,,,,,,
Gerard Manley Hopkins,William Barnes,Robert Bridges,Walter Pater,Coventry Kersey Dighton Patmore,,,,,,,,,,,,,,,,,,,,
Alfred Tennyson  (1st Baron Tennyson),William Barnes,Sir Walter Besant,Robert Browning,Thomas Carlyle,Lewis Carroll,Hartley Coleridge,Edward FitzGerald,Arthur Henry Hallam,Leigh Hunt,Jean Ingelow,Edward Lear,George Macdonald,Alice Meynell,William Morris,Francis Turner Palgrave,Coventry Kersey Dighton Patmore,John Addington Symonds,Theodore Watts-Dunton,Charlotte M. Yonge,,,,,
Mary Wollstonecraft,William Blake,George Gordon Byron (6th Baron Byron),Thomas Holcroft,Amelia Opie,Percy Bysshe Shelley,Helen Maria Williams,,,,,,,,,,,,,,,,,,
William Hayley,William Blake,William Cowper,Amelia Opie,Sir Walter Scott (1st Baronet),Anna Seward,Charlotte Smith,Helen Maria Williams,,,,,,,,,,,,,,,,,
John Langhorne,William Collins,,,,,,,,,,,,,,,,,,,,,,,
Thomas Warton the Younger,William Collins,Thomas Gray,Samuel Johnson,Joseph Warton,,,,,,,,,,,,,,,,,,,,
Kenneth Grahame,William Ernest Henley,Anthony Hope,,,,,,,,,,,,,,,,,,,,,,
Leigh Hunt,William Harrison Ainsworth,Alfred Tennyson  (1st Baron Tennyson),Elizabeth Barrett Browning,Robert Browning,George Gordon Byron (6th Baron Byron),Thomas Carlyle,Charles Dickens,William Hazlitt,John Keats,Charles Lamb,George Henry Lewes,Thomas Moore,Thomas Love Peacock,Dante Gabriel Rossetti,Percy Bysshe Shelley,William Wordsworth,,,,,,,,
Charles Dickens,William Harrison Ainsworth,Marguerite Gardiner (Countess of Blessington),Thomas Carlyle,Wilkie Collins,Elizabeth Cleghorn Gaskell,Thomas Hood,Leigh Hunt,Douglas William Jerrold,George Henry Lewes,George Macdonald,Harriet Martineau,Alice Meynell,Thomas Love Peacock,,,,,,,,,,,
Charles Lamb,William Harrison Ainsworth,Robert Bloomfield,Thomas Carlyle,John Clare,Hartley Coleridge,Samuel Taylor Coleridge,Allan Cunningham,George Darley,Thomas De Quincey,William Gifford,William Hazlitt,Thomas Hood,Leigh Hunt,John Keats,Charles Robert Maturin,Mary Russell Mitford,Coventry Kersey Dighton Patmore,Robert Southey,William Wordsworth,,,,,
Charlotte Smith,William Hayley,Helen Maria Williams,William Wordsworth,,,,,,,,,,,,,,,,,,,,,
William Blake,William Hayley,Mary Wollstonecraft,,,,,,,,,,,,,,,,,,,,,,
Thomas Holcroft,William Hazlitt,Amelia Opie,Mary Wollstonecraft,,,,,,,,,,,,,,,,,,,,,
Joseph Warton,William Lisle Bowles,William Collins,Henry Fielding,Samuel Johnson,Thomas Warton the Younger,,,,,,,,,,,,,,,,,,,
Edward Carpenter,William Morris,,,,,,,,,,,,,,,,,,,,,,,
Sir Hall Caine,William Morris,Dante Gabriel Rossetti,Bram Stoker,,,,,,,,,,,,,,,,,,,,,
T. E. Hulme,Wyndham Lewis,Isaac Rosenberg,,,,,,,,,,,,,,,,,,,,,,
Dylan Thomas,Wyndham Lewis,Louis MacNeice,Edwin Muir,Mervyn Peake,Dame Edith Sitwell,Vernon Phillips Watkins,,,,,,,,,,,,,,,,,,
